{
  "name": "cri-phone-neural",
  "version": "1.0.0",
  "title": "cri-phone-neural",
  "description": "Demo for CRI masterclass",
  "long-description": "Demo for CRI masterclass based on synaptic.js and Evothings examples",
  "tags": [],
  "libraries": [
    {
      "name": "jquery",
      "version": "2.1.1"
    }
  ],
  "index-file": "index.html",
  "uuid": "cb2ad6c9-7fdf-4d79-b1eb-28669a5cb9e0",
  "icon": "app-icon.png",
  "cordova-id": "cmi.wearable.phone.crineuralnet",
  "plugins": [
    {
      "name": "cordova-plugin-device-motion"
    },
    {
      "name": "cordova-plugin-vibration"
    }
  ],
  "doc-url": "https://evothings.com/2.2/doc/examples/cordova-accelerometer.html",
  "author-name": "Curt White",
  "author-email": "curt.white@childmind.org",
  "author-url": "https://childmind.org.com"
}